"","channel","channel_id","game_ID","live_or_not","viewer_count","language","request_time","start_time"
"4","auronplay",459331509,509658,"live",45971,"es","2020-10-12 04:37:21","2020-10-11 15:18:12"
"5","auronplay",459331509,509658,"live",50086,"es","2020-10-12 04:44:46","2020-10-11 15:18:12"
"6","auronplay",459331509,509658,"live",50086,"es","2020-10-12 04:47:22","2020-10-11 15:18:12"
"7","auronplay",459331509,509658,"live",54061,"es","2020-10-12 04:54:47","2020-10-11 15:18:12"
"8","auronplay",459331509,509658,"live",54061,"es","2020-10-12 04:57:22","2020-10-11 15:18:12"
"9","auronplay",459331509,509658,"live",59300,"es","2020-10-12 05:04:47","2020-10-11 15:18:12"
"10","auronplay",459331509,509658,"live",61455,"es","2020-10-12 05:07:22","2020-10-11 15:18:12"
"11","auronplay",459331509,509658,"live",62802,"es","2020-10-12 05:14:48","2020-10-11 15:18:12"
"12","auronplay",459331509,509658,"live",62802,"es","2020-10-12 05:17:23","2020-10-11 15:18:12"
"13","auronplay",459331509,509658,"live",69941,"es","2020-10-12 05:24:48","2020-10-11 15:18:12"
"14","auronplay",459331509,509658,"live",69941,"es","2020-10-12 05:27:23","2020-10-11 15:18:12"
"15","auronplay",459331509,509658,"live",71984,"es","2020-10-12 05:34:48","2020-10-11 15:18:12"
"16","auronplay",459331509,509658,"live",71984,"es","2020-10-12 05:37:24","2020-10-11 15:18:12"
"17","auronplay",459331509,509658,"live",76272,"es","2020-10-12 05:44:49","2020-10-11 15:18:12"
"18","auronplay",459331509,509658,"live",77887,"es","2020-10-12 05:47:24","2020-10-11 15:18:12"
"19","auronplay",459331509,509658,"live",81934,"es","2020-10-12 05:54:49","2020-10-11 15:18:12"
"20","auronplay",459331509,509658,"live",81934,"es","2020-10-12 05:57:25","2020-10-11 15:18:12"
"21","auronplay",459331509,509658,"live",82417,"es","2020-10-12 06:04:49","2020-10-11 15:18:12"
"22","auronplay",459331509,509658,"live",82417,"es","2020-10-12 06:07:25","2020-10-11 15:18:12"
"23","auronplay",459331509,509658,"live",82760,"es","2020-10-12 06:14:50","2020-10-11 15:18:12"
"24","auronplay",459331509,509658,"live",78172,"es","2020-10-12 06:17:25","2020-10-11 15:18:12"
"25","auronplay",459331509,509658,"live",80349,"es","2020-10-12 06:24:50","2020-10-11 15:18:12"
"26","auronplay",459331509,509658,"live",80349,"es","2020-10-12 06:27:26","2020-10-11 15:18:12"
"27","auronplay",459331509,509658,"live",83675,"es","2020-10-12 06:34:51","2020-10-11 15:18:12"
"28","auronplay",459331509,509658,"live",78758,"es","2020-10-12 06:37:26","2020-10-11 15:18:12"
"29","auronplay",459331509,509658,"live",84413,"es","2020-10-12 06:44:51","2020-10-11 15:18:12"
"30","auronplay",459331509,509658,"live",84413,"es","2020-10-12 06:47:26","2020-10-11 15:18:12"
"31","auronplay",459331509,509658,"live",88620,"es","2020-10-12 06:54:51","2020-10-11 15:18:12"
"32","auronplay",459331509,509658,"live",88620,"es","2020-10-12 06:57:27","2020-10-11 15:18:12"
"33","auronplay",459331509,509658,"live",91369,"es","2020-10-12 07:04:52","2020-10-11 15:18:12"
"34","auronplay",459331509,509658,"live",91369,"es","2020-10-12 07:07:27","2020-10-11 15:18:12"
"35","auronplay",459331509,509658,"live",94460,"es","2020-10-12 07:14:52","2020-10-11 15:18:12"
"36","auronplay",459331509,509658,"live",91749,"es","2020-10-12 07:17:28","2020-10-11 15:18:12"
"37","auronplay",459331509,509658,"live",94285,"es","2020-10-12 07:24:52","2020-10-11 15:18:12"
"38","auronplay",459331509,509658,"live",94285,"es","2020-10-12 07:27:28","2020-10-11 15:18:12"
"39","auronplay",459331509,509658,"live",99177,"es","2020-10-12 07:34:53","2020-10-11 15:18:12"
"40","auronplay",459331509,509658,"live",99177,"es","2020-10-12 07:37:28","2020-10-11 15:18:12"
"41","Cellbit",28579002,509658,"live",0,"pt","2020-10-12 09:27:32","2020-10-11 20:26:41"
"42","Cellbit",28579002,509658,"live",4974,"pt","2020-10-12 09:34:57","2020-10-11 20:26:41"
"43","Cellbit",28579002,509658,"live",7270,"pt","2020-10-12 09:37:33","2020-10-11 20:26:41"
"44","Cellbit",28579002,509658,"live",10445,"pt","2020-10-12 09:44:58","2020-10-11 20:26:41"
"45","Cellbit",28579002,509658,"live",11384,"pt","2020-10-12 09:47:33","2020-10-11 20:26:41"
"46","Cellbit",28579002,509658,"live",12028,"pt","2020-10-12 09:54:58","2020-10-11 20:26:41"
"47","Cellbit",28579002,509658,"live",12581,"pt","2020-10-12 09:57:34","2020-10-11 20:26:41"
"48","Cellbit",28579002,509658,"live",12861,"pt","2020-10-12 10:04:59","2020-10-11 20:26:41"
"49","Cellbit",28579002,509658,"live",13258,"pt","2020-10-12 10:07:34","2020-10-11 20:26:41"
"50","Cellbit",28579002,509658,"live",13851,"pt","2020-10-12 10:14:59","2020-10-11 20:26:41"
"51","Cellbit",28579002,509658,"live",14288,"pt","2020-10-12 10:17:34","2020-10-11 20:26:41"
"52","Cellbit",28579002,509658,"live",14662,"pt","2020-10-12 10:24:59","2020-10-11 20:26:41"
"53","Cellbit",28579002,509658,"live",14662,"pt","2020-10-12 10:27:35","2020-10-11 20:26:41"
"54","Cellbit",28579002,509658,"live",10509,"pt","2020-10-12 10:35:00","2020-10-11 21:29:37"
"55","Cellbit",28579002,509658,"live",11767,"pt","2020-10-12 10:37:35","2020-10-11 21:29:37"
"56","Cellbit",28579002,498557,"live",14314,"pt","2020-10-12 10:45:00","2020-10-11 21:29:37"
"57","Cellbit",28579002,498557,"live",14314,"pt","2020-10-12 10:47:36","2020-10-11 21:29:37"
"58","Cellbit",28579002,498557,"live",14781,"pt","2020-10-12 10:55:00","2020-10-11 21:29:37"
"59","Cellbit",28579002,498557,"live",14781,"pt","2020-10-12 10:57:36","2020-10-11 21:29:37"
"60","Cellbit",28579002,498557,"live",15844,"pt","2020-10-12 11:05:01","2020-10-11 21:29:37"
"61","Cellbit",28579002,498557,"live",15844,"pt","2020-10-12 11:07:36","2020-10-11 21:29:37"
"62","Cellbit",28579002,498557,"live",16179,"pt","2020-10-12 11:15:01","2020-10-11 21:29:37"
"63","Cellbit",28579002,498557,"live",16179,"pt","2020-10-12 11:17:37","2020-10-11 21:29:37"
"64","Cellbit",28579002,498557,"live",16660,"pt","2020-10-12 11:25:02","2020-10-11 21:29:37"
"65","Cellbit",28579002,498557,"live",17033,"pt","2020-10-12 11:27:37","2020-10-11 21:29:37"
"66","Cellbit",28579002,498557,"live",17033,"pt","2020-10-12 11:35:02","2020-10-11 21:29:37"
"67","Cellbit",28579002,498557,"live",17398,"pt","2020-10-12 11:37:37","2020-10-11 21:29:37"
"68","Cellbit",28579002,498557,"live",17047,"pt","2020-10-12 11:45:02","2020-10-11 21:29:37"
"69","Cellbit",28579002,498557,"live",17047,"pt","2020-10-12 11:47:38","2020-10-11 21:29:37"
"70","Cellbit",28579002,497044,"live",17508,"pt","2020-10-12 11:55:03","2020-10-11 21:29:37"
"71","Cellbit",28579002,497044,"live",17508,"pt","2020-10-12 11:57:38","2020-10-11 21:29:37"
"72","Cellbit",28579002,497044,"live",17110,"pt","2020-10-12 12:05:03","2020-10-11 21:29:37"
"73","Cellbit",28579002,497044,"live",17110,"pt","2020-10-12 12:07:38","2020-10-11 21:29:37"
"74","Cellbit",28579002,497044,"live",17110,"pt","2020-10-12 12:15:03","2020-10-11 21:29:37"
"75","Cellbit",28579002,497044,"live",17110,"pt","2020-10-12 12:17:39","2020-10-11 21:29:37"
"76","Cellbit",28579002,497044,"live",17110,"pt","2020-10-12 12:25:04","2020-10-11 21:29:37"
"77","Cellbit",28579002,497044,"live",17110,"pt","2020-10-12 12:27:39","2020-10-11 21:29:37"
"78","Cellbit",28579002,497044,"live",16670,"pt","2020-10-12 12:35:04","2020-10-11 21:29:37"
"79","Cellbit",28579002,497044,"live",16670,"pt","2020-10-12 12:37:40","2020-10-11 21:29:37"
"80","Cellbit",28579002,497044,"live",16670,"pt","2020-10-12 12:45:05","2020-10-11 21:29:37"
"81","Cellbit",28579002,497044,"live",17084,"pt","2020-10-12 12:47:40","2020-10-11 21:29:37"
"82","Cellbit",28579002,497044,"live",17084,"pt","2020-10-12 12:55:05","2020-10-11 21:29:37"
"83","Cellbit",28579002,509658,"live",17084,"pt","2020-10-12 12:57:40","2020-10-11 21:29:37"
"84","Cellbit",28579002,5546,"live",16694,"pt","2020-10-12 13:05:05","2020-10-11 21:29:37"
"85","Cellbit",28579002,5546,"live",17308,"pt","2020-10-12 13:07:41","2020-10-11 21:29:37"
"86","Cellbit",28579002,5546,"live",17730,"pt","2020-10-12 13:15:06","2020-10-11 21:29:37"
"87","Cellbit",28579002,5546,"live",17730,"pt","2020-10-12 13:17:41","2020-10-11 21:29:37"
"88","Cellbit",28579002,5546,"live",18744,"pt","2020-10-12 13:25:06","2020-10-11 21:29:37"
"89","Cellbit",28579002,5546,"live",18744,"pt","2020-10-12 13:27:41","2020-10-11 21:29:37"
"90","Cellbit",28579002,5546,"live",19287,"pt","2020-10-12 13:35:06","2020-10-11 21:29:37"
"91","Cellbit",28579002,5546,"live",19767,"pt","2020-10-12 13:37:42","2020-10-11 21:29:37"
"92","Cellbit",28579002,1029754927,"live",19767,"pt","2020-10-12 13:45:07","2020-10-11 21:29:37"
"93","Cellbit",28579002,1029754927,"live",19767,"pt","2020-10-12 13:47:42","2020-10-11 21:29:37"
"94","Cellbit",28579002,1029754927,"live",19767,"pt","2020-10-12 13:55:07","2020-10-11 21:29:37"
"95","Cellbit",28579002,1029754927,"live",19767,"pt","2020-10-12 13:57:43","2020-10-11 21:29:37"
"96","Cellbit",28579002,1029754927,"live",19191,"pt","2020-10-12 14:05:07","2020-10-11 21:29:37"
"97","Cellbit",28579002,1029754927,"live",19191,"pt","2020-10-12 14:07:43","2020-10-11 21:29:37"
"98","Cellbit",28579002,1029754927,"live",19191,"pt","2020-10-12 14:15:08","2020-10-11 21:29:37"
"99","Cellbit",28579002,1029754927,"live",18786,"pt","2020-10-12 14:17:43","2020-10-11 21:29:37"
"100","Cellbit",28579002,1029754927,"live",18786,"pt","2020-10-12 14:25:08","2020-10-11 21:29:37"
"101","Cellbit",28579002,1029754927,"live",18347,"pt","2020-10-12 14:27:44","2020-10-11 21:29:37"
"102","Cellbit",28579002,1029754927,"live",18217,"pt","2020-10-12 14:35:09","2020-10-11 21:29:37"
"103","Cellbit",28579002,1029754927,"live",18217,"pt","2020-10-12 14:37:44","2020-10-11 21:29:37"
"104","Cellbit",28579002,1029754927,"live",18217,"pt","2020-10-12 14:45:09","2020-10-11 21:29:37"
"105","Cellbit",28579002,1029754927,"live",18217,"pt","2020-10-12 14:47:44","2020-10-11 21:29:37"
"106","Cellbit",28579002,509658,"live",18588,"pt","2020-10-12 14:55:09","2020-10-11 21:29:37"
"107","Cellbit",28579002,509658,"live",18588,"pt","2020-10-12 14:57:45","2020-10-11 21:29:37"
"108","ChicaLive",70661496,33214,"live",2539,"en","2020-10-12 14:45:09","2020-10-12 01:38:27"
"109","ChicaLive",70661496,33214,"live",2351,"en","2020-10-12 14:47:44","2020-10-12 01:38:27"
"110","ChicaLive",70661496,33214,"live",2514,"en","2020-10-12 14:55:09","2020-10-12 01:38:27"
"111","ChicaLive",70661496,33214,"live",2589,"en","2020-10-12 14:57:45","2020-10-12 01:38:27"
"112","ChicaLive",70661496,33214,"live",2952,"en","2020-10-12 15:05:10","2020-10-12 01:38:27"
"113","ChicaLive",70661496,33214,"live",2874,"en","2020-10-12 15:07:46","2020-10-12 01:38:27"
"114","ChicaLive",70661496,33214,"live",2970,"en","2020-10-12 15:15:10","2020-10-12 01:38:27"
"115","ChicaLive",70661496,33214,"live",2970,"en","2020-10-12 15:17:46","2020-10-12 01:38:27"
"116","ChicaLive",70661496,33214,"live",3000,"en","2020-10-12 15:25:10","2020-10-12 01:38:27"
"117","ChicaLive",70661496,33214,"live",3116,"en","2020-10-12 15:27:47","2020-10-12 01:38:27"
"118","ChicaLive",70661496,33214,"live",3320,"en","2020-10-12 15:35:11","2020-10-12 01:38:27"
"119","ChicaLive",70661496,33214,"live",3406,"en","2020-10-12 15:37:47","2020-10-12 01:38:27"
"120","ChicaLive",70661496,33214,"live",3237,"en","2020-10-12 15:45:11","2020-10-12 01:38:27"
"121","ChicaLive",70661496,33214,"live",3386,"en","2020-10-12 15:47:48","2020-10-12 01:38:27"
"122","ChicaLive",70661496,33214,"live",3258,"en","2020-10-12 15:55:12","2020-10-12 01:38:27"
"123","ChicaLive",70661496,33214,"live",3334,"en","2020-10-12 15:57:48","2020-10-12 01:38:27"
"124","ChicaLive",70661496,33214,"live",3523,"en","2020-10-12 16:05:12","2020-10-12 01:38:27"
"125","ChicaLive",70661496,33214,"live",3680,"en","2020-10-12 16:07:48","2020-10-12 01:38:27"
"126","ChicaLive",70661496,33214,"live",3563,"en","2020-10-12 16:15:12","2020-10-12 01:38:27"
"127","ChicaLive",70661496,33214,"live",3465,"en","2020-10-12 16:17:49","2020-10-12 01:38:27"
"128","ChicaLive",70661496,33214,"live",3543,"en","2020-10-12 16:25:13","2020-10-12 01:38:27"
"129","ChicaLive",70661496,33214,"live",3543,"en","2020-10-12 16:27:49","2020-10-12 01:38:27"
"130","ChicaLive",70661496,33214,"live",3543,"en","2020-10-12 16:35:13","2020-10-12 01:38:27"
"131","ChicaLive",70661496,33214,"live",3447,"en","2020-10-12 16:37:49","2020-10-12 01:38:27"
"132","ChicaLive",70661496,33214,"live",3254,"en","2020-10-12 16:45:14","2020-10-12 01:38:27"
"133","ChicaLive",70661496,33214,"live",3363,"en","2020-10-12 16:47:50","2020-10-12 01:38:27"
"134","ChicaLive",70661496,33214,"live",3515,"en","2020-10-12 16:55:14","2020-10-12 01:38:27"
"135","ChicaLive",70661496,33214,"live",4237,"en","2020-10-12 16:57:50","2020-10-12 01:38:27"
"136","ChicaLive",70661496,33214,"live",6974,"en","2020-10-12 17:05:14","2020-10-12 01:38:27"
"137","ChicaLive",70661496,33214,"live",6721,"en","2020-10-12 17:07:51","2020-10-12 01:38:27"
"138","ChicaLive",70661496,33214,"live",6424,"en","2020-10-12 17:15:15","2020-10-12 01:38:27"
"139","ChicaLive",70661496,33214,"live",6424,"en","2020-10-12 17:17:51","2020-10-12 01:38:27"
"140","ChicaLive",70661496,33214,"live",6093,"en","2020-10-12 17:25:15","2020-10-12 01:38:27"
"141","ChicaLive",70661496,33214,"live",6093,"en","2020-10-12 17:27:51","2020-10-12 01:38:27"
"142","ChicaLive",70661496,33214,"live",5271,"en","2020-10-12 17:35:15","2020-10-12 01:38:27"
"143","ChicaLive",70661496,33214,"live",5108,"en","2020-10-12 17:37:52","2020-10-12 01:38:27"
"144","ChicaLive",70661496,33214,"live",4567,"en","2020-10-12 17:45:16","2020-10-12 01:38:27"
"145","ChicaLive",70661496,33214,"live",4567,"en","2020-10-12 17:47:52","2020-10-12 01:38:27"
"146","ChicaLive",70661496,33214,"live",4567,"en","2020-10-12 17:55:16","2020-10-12 01:38:27"
"147","ChicaLive",70661496,33214,"live",4737,"en","2020-10-12 17:57:52","2020-10-12 01:38:27"
"148","ChicaLive",70661496,33214,"live",4737,"en","2020-10-12 18:05:16","2020-10-12 01:38:27"
"149","ChicaLive",70661496,33214,"live",4900,"en","2020-10-12 18:07:53","2020-10-12 01:38:27"
"150","ChicaLive",70661496,33214,"live",4326,"en","2020-10-12 18:15:17","2020-10-12 01:38:27"
"151","ChicaLive",70661496,33214,"live",4326,"en","2020-10-12 18:17:53","2020-10-12 01:38:27"
"152","ChicaLive",70661496,33214,"live",4215,"en","2020-10-12 18:25:17","2020-10-12 01:38:27"
"153","ChicaLive",70661496,33214,"live",4310,"en","2020-10-12 18:27:53","2020-10-12 01:38:27"
"154","ChicaLive",70661496,33214,"live",4479,"en","2020-10-12 18:35:18","2020-10-12 01:38:27"
"155","ChicaLive",70661496,33214,"live",4479,"en","2020-10-12 18:37:54","2020-10-12 01:38:27"
"156","ChicaLive",70661496,33214,"live",4208,"en","2020-10-12 18:45:18","2020-10-12 01:38:27"
"157","ChicaLive",70661496,33214,"live",4208,"en","2020-10-12 18:47:54","2020-10-12 01:38:27"
"158","ChicaLive",70661496,33214,"live",4202,"en","2020-10-12 18:55:18","2020-10-12 01:38:27"
"159","ChicaLive",70661496,33214,"live",4336,"en","2020-10-12 18:57:55","2020-10-12 01:38:27"
"160","ChicaLive",70661496,510218,"live",3628,"en","2020-10-12 19:05:19","2020-10-12 01:38:27"
"161","ChicaLive",70661496,510218,"live",3628,"en","2020-10-12 19:07:55","2020-10-12 01:38:27"
"162","ChicaLive",70661496,510218,"live",2909,"en","2020-10-12 19:15:19","2020-10-12 01:38:27"
"163","Dyrus",30080751,513181,"live",75,"en","2020-10-11 23:57:12","2020-10-11 10:54:40"
"164","Dyrus",30080751,513181,"live",733,"en","2020-10-12 00:04:36","2020-10-11 10:54:40"
"165","Dyrus",30080751,513181,"live",797,"en","2020-10-12 00:07:12","2020-10-11 10:54:40"
"166","Dyrus",30080751,513181,"live",1080,"en","2020-10-12 00:14:37","2020-10-11 10:54:40"
"167","Dyrus",30080751,513181,"live",1080,"en","2020-10-12 00:17:12","2020-10-11 10:54:40"
"168","Dyrus",30080751,513181,"live",1168,"en","2020-10-12 00:24:37","2020-10-11 10:54:40"
"169","Dyrus",30080751,513181,"live",1273,"en","2020-10-12 00:27:13","2020-10-11 10:54:40"
"170","Dyrus",30080751,513181,"live",1436,"en","2020-10-12 00:34:37","2020-10-11 10:54:40"
"171","Dyrus",30080751,513181,"live",1548,"en","2020-10-12 00:37:13","2020-10-11 10:54:40"
"172","Dyrus",30080751,513181,"live",1587,"en","2020-10-12 00:44:38","2020-10-11 10:54:40"
"173","Dyrus",30080751,513181,"live",1746,"en","2020-10-12 00:47:13","2020-10-11 10:54:40"
"174","Dyrus",30080751,513181,"live",1987,"en","2020-10-12 00:54:38","2020-10-11 10:54:40"
"175","Dyrus",30080751,513181,"live",2122,"en","2020-10-12 00:57:14","2020-10-11 10:54:40"
"176","Dyrus",30080751,513181,"live",2186,"en","2020-10-12 01:04:38","2020-10-11 10:54:40"
"177","Dyrus",30080751,513181,"live",2132,"en","2020-10-12 01:07:14","2020-10-11 10:54:40"
"178","Dyrus",30080751,513181,"live",2194,"en","2020-10-12 01:14:39","2020-10-11 10:54:40"
"179","Dyrus",30080751,513181,"live",2126,"en","2020-10-12 01:17:14","2020-10-11 10:54:40"
"180","Dyrus",30080751,513181,"live",2083,"en","2020-10-12 01:24:39","2020-10-11 10:54:40"
"181","Dyrus",30080751,513181,"live",2083,"en","2020-10-12 01:27:15","2020-10-11 10:54:40"
"182","Dyrus",30080751,513181,"live",2127,"en","2020-10-12 01:34:39","2020-10-11 10:54:40"
"183","Dyrus",30080751,513181,"live",2127,"en","2020-10-12 01:37:15","2020-10-11 10:54:40"
"184","Dyrus",30080751,513181,"live",2210,"en","2020-10-12 01:44:40","2020-10-11 10:54:40"
"185","Dyrus",30080751,513181,"live",2419,"en","2020-10-12 01:47:15","2020-10-11 10:54:40"
"186","Dyrus",30080751,513181,"live",2419,"en","2020-10-12 01:54:40","2020-10-11 10:54:40"
"187","Dyrus",30080751,513181,"live",2470,"en","2020-10-12 01:57:16","2020-10-11 10:54:40"
"188","Dyrus",30080751,513181,"live",2548,"en","2020-10-12 02:04:40","2020-10-11 10:54:40"
"189","Dyrus",30080751,513181,"live",2548,"en","2020-10-12 02:07:16","2020-10-11 10:54:40"
"190","Dyrus",30080751,513181,"live",2550,"en","2020-10-12 02:14:41","2020-10-11 10:54:40"
"191","Dyrus",30080751,513181,"live",2550,"en","2020-10-12 02:17:16","2020-10-11 10:54:40"
"192","Dyrus",30080751,513181,"live",2550,"en","2020-10-12 02:24:41","2020-10-11 10:54:40"
"193","Dyrus",30080751,513181,"live",2487,"en","2020-10-12 02:27:17","2020-10-11 10:54:40"
"194","Dyrus",30080751,513181,"live",2538,"en","2020-10-12 02:34:41","2020-10-11 10:54:40"
"195","Dyrus",30080751,513181,"live",2538,"en","2020-10-12 02:37:17","2020-10-11 10:54:40"
"196","Dyrus",30080751,513181,"live",2530,"en","2020-10-12 02:44:42","2020-10-11 10:54:40"
"197","Dyrus",30080751,513181,"live",2659,"en","2020-10-12 02:47:17","2020-10-11 10:54:40"
"198","Dyrus",30080751,513181,"live",2851,"en","2020-10-12 02:54:42","2020-10-11 10:54:40"
"199","Dyrus",30080751,513181,"live",2851,"en","2020-10-12 02:57:18","2020-10-11 10:54:40"
"200","Dyrus",30080751,513181,"live",2874,"en","2020-10-12 03:04:42","2020-10-11 10:54:40"
"201","Dyrus",30080751,513181,"live",2874,"en","2020-10-12 03:07:18","2020-10-11 10:54:40"
"202","Dyrus",30080751,513181,"live",2963,"en","2020-10-12 03:14:43","2020-10-11 10:54:40"
"203","Dyrus",30080751,513181,"live",2889,"en","2020-10-12 03:17:19","2020-10-11 10:54:40"
"204","Dyrus",30080751,513181,"live",2969,"en","2020-10-12 03:24:43","2020-10-11 10:54:40"
"205","Dyrus",30080751,513181,"live",3049,"en","2020-10-12 03:27:19","2020-10-11 10:54:40"
"206","Dyrus",30080751,513181,"live",3168,"en","2020-10-12 03:34:43","2020-10-11 10:54:40"
"207","Dyrus",30080751,513181,"live",3168,"en","2020-10-12 03:37:19","2020-10-11 10:54:40"
"208","Dyrus",30080751,513181,"live",6930,"en","2020-10-12 03:44:44","2020-10-11 10:54:40"
"209","Dyrus",30080751,513181,"live",6930,"en","2020-10-12 03:47:20","2020-10-11 10:54:40"
"210","Dyrus",30080751,513181,"live",6080,"en","2020-10-12 03:54:44","2020-10-11 10:54:40"
"211","Dyrus",30080751,513181,"live",5839,"en","2020-10-12 03:57:20","2020-10-11 10:54:40"
"212","Dyrus",30080751,513181,"live",5682,"en","2020-10-12 04:04:45","2020-10-11 10:54:40"
"213","Dyrus",30080751,513181,"live",5682,"en","2020-10-12 04:07:20","2020-10-11 10:54:40"
"214","Dyrus",30080751,513181,"live",5558,"en","2020-10-12 04:14:45","2020-10-11 10:54:40"
"215","Dyrus",30080751,513181,"live",5687,"en","2020-10-12 04:17:21","2020-10-11 10:54:40"
"216","Dyrus",30080751,513181,"live",5687,"en","2020-10-12 04:24:46","2020-10-11 10:54:40"
"217","Dyrus",30080751,513181,"live",5687,"en","2020-10-12 04:27:21","2020-10-11 10:54:40"
"218","Dyrus",30080751,513181,"live",5564,"en","2020-10-12 04:34:46","2020-10-11 10:54:40"
"219","Dyrus",30080751,513181,"live",5564,"en","2020-10-12 04:37:21","2020-10-11 10:54:40"
"220","Dyrus",30080751,513181,"live",5423,"en","2020-10-12 04:44:47","2020-10-11 10:54:40"
"221","Dyrus",30080751,513181,"live",5423,"en","2020-10-12 04:47:22","2020-10-11 10:54:40"
"222","Dyrus",30080751,513181,"live",5423,"en","2020-10-12 04:54:47","2020-10-11 10:54:40"
"223","Dyrus",30080751,513181,"live",5423,"en","2020-10-12 04:57:22","2020-10-11 10:54:40"
"224","Dyrus",30080751,513181,"live",5423,"en","2020-10-12 05:04:47","2020-10-11 10:54:40"
"225","Dyrus",30080751,513181,"live",5423,"en","2020-10-12 05:07:22","2020-10-11 10:54:40"
"226","Dyrus",30080751,513181,"live",5083,"en","2020-10-12 05:14:48","2020-10-11 10:54:40"
"227","Dyrus",30080751,513181,"live",5083,"en","2020-10-12 05:17:23","2020-10-11 10:54:40"
"228","Dyrus",30080751,513181,"live",4793,"en","2020-10-12 05:24:48","2020-10-11 10:54:40"
"229","Dyrus",30080751,513181,"live",4793,"en","2020-10-12 05:27:23","2020-10-11 10:54:40"
"230","Dyrus",30080751,513181,"live",4562,"en","2020-10-12 05:34:48","2020-10-11 10:54:40"
"231","Dyrus",30080751,513181,"live",4562,"en","2020-10-12 05:37:24","2020-10-11 10:54:40"
"232","Dyrus",30080751,513181,"live",4294,"en","2020-10-12 05:44:49","2020-10-11 10:54:40"
"233","Dyrus",30080751,513181,"live",4198,"en","2020-10-12 05:47:24","2020-10-11 10:54:40"
"234","Dyrus",30080751,513181,"live",4093,"en","2020-10-12 05:54:49","2020-10-11 10:54:40"
"235","Dyrus",30080751,513181,"live",4093,"en","2020-10-12 05:57:25","2020-10-11 10:54:40"
"236","Dyrus",30080751,513181,"live",3983,"en","2020-10-12 06:04:50","2020-10-11 10:54:40"
"237","Dyrus",30080751,513181,"live",3983,"en","2020-10-12 06:07:25","2020-10-11 10:54:40"
"238","Dyrus",30080751,513181,"live",3770,"en","2020-10-12 06:14:50","2020-10-11 10:54:40"
"239","Dyrus",30080751,513181,"live",3770,"en","2020-10-12 06:17:25","2020-10-11 10:54:40"
"240","Dyrus",30080751,513181,"live",3692,"en","2020-10-12 06:24:50","2020-10-11 10:54:40"
"241","Dyrus",30080751,513181,"live",3692,"en","2020-10-12 06:27:26","2020-10-11 10:54:40"
"242","Dyrus",30080751,513181,"live",3603,"en","2020-10-12 06:34:51","2020-10-11 10:54:40"
"243","Dyrus",30080751,513181,"live",3603,"en","2020-10-12 06:37:26","2020-10-11 10:54:40"
"244","Dyrus",30080751,513181,"live",3277,"en","2020-10-12 06:44:51","2020-10-11 10:54:40"
"245","Dyrus",30080751,513181,"live",3362,"en","2020-10-12 06:47:27","2020-10-11 10:54:40"
"246","Dyrus",30080751,513181,"live",3362,"en","2020-10-12 06:54:51","2020-10-11 10:54:40"
"247","Dyrus",30080751,513181,"live",3362,"en","2020-10-12 06:57:27","2020-10-11 10:54:40"
"248","Dyrus",30080751,513181,"live",3265,"en","2020-10-12 07:04:52","2020-10-11 10:54:40"
"249","Dyrus",30080751,513181,"live",3265,"en","2020-10-12 07:07:27","2020-10-11 10:54:40"
"250","Dyrus",30080751,513181,"live",3265,"en","2020-10-12 07:14:52","2020-10-11 10:54:40"
"251","Dyrus",30080751,513181,"live",3265,"en","2020-10-12 07:17:28","2020-10-11 10:54:40"
"252","Dyrus",30080751,513181,"live",3148,"en","2020-10-12 07:24:52","2020-10-11 10:54:40"
"253","Dyrus",30080751,513181,"live",3148,"en","2020-10-12 07:27:28","2020-10-11 10:54:40"
"254","Dyrus",30080751,513181,"live",3148,"en","2020-10-12 07:34:53","2020-10-11 10:54:40"
"255","Dyrus",30080751,513181,"live",3148,"en","2020-10-12 07:37:28","2020-10-11 10:54:40"
"256","Dyrus",30080751,513181,"live",3078,"en","2020-10-12 07:44:53","2020-10-11 10:54:40"
"257","Dyrus",30080751,513181,"live",3078,"en","2020-10-12 07:47:29","2020-10-11 10:54:40"
"258","Dyrus",30080751,513181,"live",3078,"en","2020-10-12 07:54:54","2020-10-11 10:54:40"
"259","Dyrus",30080751,513181,"live",3010,"en","2020-10-12 07:57:29","2020-10-11 10:54:40"
"260","Dyrus",30080751,513181,"live",3010,"en","2020-10-12 08:04:54","2020-10-11 10:54:40"
"261","Dyrus",30080751,513181,"live",3010,"en","2020-10-12 08:07:29","2020-10-11 10:54:40"
"262","Dyrus",30080751,513181,"live",2946,"en","2020-10-12 08:14:54","2020-10-11 10:54:40"
"263","Dyrus",30080751,513181,"live",3005,"en","2020-10-12 08:17:30","2020-10-11 10:54:40"
"264","Dyrus",30080751,513181,"live",2928,"en","2020-10-12 08:24:55","2020-10-11 10:54:40"
"265","Dyrus",30080751,513181,"live",2822,"en","2020-10-12 08:27:30","2020-10-11 10:54:40"
"266","Dyrus",30080751,513181,"live",2959,"en","2020-10-12 08:34:55","2020-10-11 10:54:40"
"267","Dyrus",30080751,513181,"live",2959,"en","2020-10-12 08:37:31","2020-10-11 10:54:40"
"268","Dyrus",30080751,513181,"live",2951,"en","2020-10-12 08:44:56","2020-10-11 10:54:40"
"269","Dyrus",30080751,513181,"live",2951,"en","2020-10-12 08:47:31","2020-10-11 10:54:40"
"270","Dyrus",30080751,513181,"live",2951,"en","2020-10-12 08:54:56","2020-10-11 10:54:40"
"271","Dyrus",30080751,513181,"live",2845,"en","2020-10-12 08:57:31","2020-10-11 10:54:40"
"272","Dyrus",30080751,513181,"live",2845,"en","2020-10-12 09:04:56","2020-10-11 10:54:40"
"273","Dyrus",30080751,513181,"live",2845,"en","2020-10-12 09:07:32","2020-10-11 10:54:40"
"274","Dyrus",30080751,513181,"live",2785,"en","2020-10-12 09:14:57","2020-10-11 10:54:40"
"275","Dyrus",30080751,512923,"live",2785,"en","2020-10-12 09:17:32","2020-10-11 10:54:40"
"276","Dyrus",30080751,512923,"live",2428,"en","2020-10-12 09:24:57","2020-10-11 10:54:40"
"277","Dyrus",30080751,512923,"live",2271,"en","2020-10-12 09:27:32","2020-10-11 10:54:40"
"278","Dyrus",30080751,512923,"live",2031,"en","2020-10-12 09:34:57","2020-10-11 10:54:40"
"279","Dyrus",30080751,512923,"live",2031,"en","2020-10-12 09:37:33","2020-10-11 10:54:40"
"280","Dyrus",30080751,512923,"live",1985,"en","2020-10-12 09:44:58","2020-10-11 10:54:40"
"281","Dyrus",30080751,512923,"live",1943,"en","2020-10-12 09:47:33","2020-10-11 10:54:40"
"282","Dyrus",30080751,512923,"live",1943,"en","2020-10-12 09:54:58","2020-10-11 10:54:40"
"283","Dyrus",30080751,512923,"live",1882,"en","2020-10-12 09:57:34","2020-10-11 10:54:40"
"284","Dyrus",30080751,512923,"live",1927,"en","2020-10-12 10:04:59","2020-10-11 10:54:40"
"285","Dyrus",30080751,512923,"live",1927,"en","2020-10-12 10:07:34","2020-10-11 10:54:40"
"286","Dyrus",30080751,512923,"live",1875,"en","2020-10-12 10:14:59","2020-10-11 10:54:40"
"287","Dyrus",30080751,512923,"live",1797,"en","2020-10-12 10:17:34","2020-10-11 10:54:40"
"288","Dyrus",30080751,512923,"live",1841,"en","2020-10-12 10:24:59","2020-10-11 10:54:40"
"289","Dyrus",30080751,512923,"live",1750,"en","2020-10-12 10:27:35","2020-10-11 10:54:40"
"290","Dyrus",30080751,512923,"live",1789,"en","2020-10-12 10:35:00","2020-10-11 10:54:40"
"291","Dyrus",30080751,512923,"live",1831,"en","2020-10-12 10:37:35","2020-10-11 10:54:40"
"292","Dyrus",30080751,512923,"live",1793,"en","2020-10-12 10:45:00","2020-10-11 10:54:40"
"293","Dyrus",30080751,512923,"live",1744,"en","2020-10-12 10:47:36","2020-10-11 10:54:40"
"294","JERICHO",10397006,509658,"live",202,"en","2020-10-12 09:34:57","2020-10-11 20:32:13"
"295","JERICHO",10397006,509658,"live",776,"en","2020-10-12 09:37:33","2020-10-11 20:32:13"
"296","JERICHO",10397006,509658,"live",931,"en","2020-10-12 09:44:58","2020-10-11 20:32:13"
"297","JERICHO",10397006,509658,"live",959,"en","2020-10-12 09:47:33","2020-10-11 20:32:13"
"298","JERICHO",10397006,509658,"live",1665,"en","2020-10-12 09:54:58","2020-10-11 20:32:13"
"299","JERICHO",10397006,509658,"live",1665,"en","2020-10-12 09:57:34","2020-10-11 20:32:13"
"300","JERICHO",10397006,495815,"live",1757,"en","2020-10-12 10:04:59","2020-10-11 20:32:13"
"301","JERICHO",10397006,495815,"live",1822,"en","2020-10-12 10:07:34","2020-10-11 20:32:13"
"302","JERICHO",10397006,495815,"live",1892,"en","2020-10-12 10:14:59","2020-10-11 20:32:13"
"303","JERICHO",10397006,495815,"live",1941,"en","2020-10-12 10:17:34","2020-10-11 20:32:13"
"304","JERICHO",10397006,495815,"live",2004,"en","2020-10-12 10:24:59","2020-10-11 20:32:13"
"305","JERICHO",10397006,495815,"live",2049,"en","2020-10-12 10:27:35","2020-10-11 20:32:13"
"306","JERICHO",10397006,495815,"live",2123,"en","2020-10-12 10:35:00","2020-10-11 20:32:13"
"307","JERICHO",10397006,495815,"live",2123,"en","2020-10-12 10:37:35","2020-10-11 20:32:13"
"308","JERICHO",10397006,495815,"live",2212,"en","2020-10-12 10:45:00","2020-10-11 20:32:13"
"309","JERICHO",10397006,495815,"live",2212,"en","2020-10-12 10:47:36","2020-10-11 20:32:13"
"310","JERICHO",10397006,495815,"live",2212,"en","2020-10-12 10:55:00","2020-10-11 20:32:13"
"311","JERICHO",10397006,495815,"live",2212,"en","2020-10-12 10:57:36","2020-10-11 20:32:13"
"312","JERICHO",10397006,495815,"live",2246,"en","2020-10-12 11:05:01","2020-10-11 20:32:13"
"313","JERICHO",10397006,495815,"live",2246,"en","2020-10-12 11:07:36","2020-10-11 20:32:13"
"314","JERICHO",10397006,495815,"live",2304,"en","2020-10-12 11:15:01","2020-10-11 20:32:13"
"315","JERICHO",10397006,495815,"live",2362,"en","2020-10-12 11:17:37","2020-10-11 20:32:13"
"316","JERICHO",10397006,495815,"live",2426,"en","2020-10-12 11:25:02","2020-10-11 20:32:13"
"317","JERICHO",10397006,495815,"live",2762,"en","2020-10-12 11:27:37","2020-10-11 20:32:13"
"318","JERICHO",10397006,495815,"live",2319,"en","2020-10-12 11:35:02","2020-10-11 20:32:13"
"319","JERICHO",10397006,495815,"live",2319,"en","2020-10-12 11:37:37","2020-10-11 20:32:13"
"320","JERICHO",10397006,495815,"live",2265,"en","2020-10-12 11:45:02","2020-10-11 20:32:13"
"321","JERICHO",10397006,495815,"live",2265,"en","2020-10-12 11:47:38","2020-10-11 20:32:13"
"322","JERICHO",10397006,495815,"live",2331,"en","2020-10-12 11:55:03","2020-10-11 20:32:13"
"323","JERICHO",10397006,495815,"live",2331,"en","2020-10-12 11:57:38","2020-10-11 20:32:13"
"324","JERICHO",10397006,495815,"live",2331,"en","2020-10-12 12:05:03","2020-10-11 20:32:13"
"325","JERICHO",10397006,495815,"live",2331,"en","2020-10-12 12:07:38","2020-10-11 20:32:13"
"326","JERICHO",10397006,459508,"live",2331,"en","2020-10-12 12:15:03","2020-10-11 20:32:13"
"327","JERICHO",10397006,459508,"live",2530,"en","2020-10-12 12:17:39","2020-10-11 20:32:13"
"328","JERICHO",10397006,459508,"live",2178,"en","2020-10-12 12:25:04","2020-10-11 20:32:13"
"329","JERICHO",10397006,459508,"live",2178,"en","2020-10-12 12:27:39","2020-10-11 20:32:13"
"330","JERICHO",10397006,459508,"live",2178,"en","2020-10-12 12:35:04","2020-10-11 20:32:13"
"331","JERICHO",10397006,459508,"live",2127,"en","2020-10-12 12:37:40","2020-10-11 20:32:13"
"332","JERICHO",10397006,459508,"live",2299,"en","2020-10-12 12:45:05","2020-10-11 20:32:13"
"333","JERICHO",10397006,459508,"live",2299,"en","2020-10-12 12:47:40","2020-10-11 20:32:13"
"334","JERICHO",10397006,459508,"live",2299,"en","2020-10-12 12:55:05","2020-10-11 20:32:13"
"335","JERICHO",10397006,459508,"live",2299,"en","2020-10-12 12:57:40","2020-10-11 20:32:13"
"336","JERICHO",10397006,459508,"live",2299,"en","2020-10-12 13:05:05","2020-10-11 20:32:13"
"337","JERICHO",10397006,459508,"live",2251,"en","2020-10-12 13:07:41","2020-10-11 20:32:13"
"338","JERICHO",10397006,459508,"live",2202,"en","2020-10-12 13:15:06","2020-10-11 20:32:13"
"339","JERICHO",10397006,459508,"live",2142,"en","2020-10-12 13:17:41","2020-10-11 20:32:13"
"340","JERICHO",10397006,459508,"live",2086,"en","2020-10-12 13:25:06","2020-10-11 20:32:13"
"341","JERICHO",10397006,459508,"live",2086,"en","2020-10-12 13:27:41","2020-10-11 20:32:13"
"342","JERICHO",10397006,459508,"live",2032,"en","2020-10-12 13:35:06","2020-10-11 20:32:13"
"343","JERICHO",10397006,459508,"live",2032,"en","2020-10-12 13:37:42","2020-10-11 20:32:13"
"344","JERICHO",10397006,459508,"live",1989,"en","2020-10-12 13:45:07","2020-10-11 20:32:13"
"345","JERICHO",10397006,459508,"live",2139,"en","2020-10-12 13:47:42","2020-10-11 20:32:13"
"346","JERICHO",10397006,459508,"live",1985,"en","2020-10-12 13:55:07","2020-10-11 20:32:13"
"347","JERICHO",10397006,459508,"live",1985,"en","2020-10-12 13:57:43","2020-10-11 20:32:13"
"348","JERICHO",10397006,459508,"live",1985,"en","2020-10-12 14:05:07","2020-10-11 20:32:13"
"349","JERICHO",10397006,459508,"live",1943,"en","2020-10-12 14:07:43","2020-10-11 20:32:13"
"350","JERICHO",10397006,459508,"live",1943,"en","2020-10-12 14:15:08","2020-10-11 20:32:13"
"351","JERICHO",10397006,459508,"live",1897,"en","2020-10-12 14:17:43","2020-10-11 20:32:13"
"352","JERICHO",10397006,459508,"live",1943,"en","2020-10-12 14:25:08","2020-10-11 20:32:13"
"353","JERICHO",10397006,459508,"live",1943,"en","2020-10-12 14:27:44","2020-10-11 20:32:13"
"354","JERICHO",10397006,459508,"live",1598,"en","2020-10-12 14:35:09","2020-10-11 20:32:13"
"355","s1mple",60917582,32399,"live",0,"en","2020-10-12 07:47:29","2020-10-11 18:46:08"
"356","s1mple",60917582,32399,"live",8427,"en","2020-10-12 07:54:54","2020-10-11 18:46:08"
"357","s1mple",60917582,32399,"live",9999,"en","2020-10-12 07:57:29","2020-10-11 18:46:08"
"358","s1mple",60917582,32399,"live",12128,"en","2020-10-12 08:04:54","2020-10-11 18:46:08"
"359","s1mple",60917582,509658,"live",12128,"en","2020-10-12 08:07:29","2020-10-11 18:46:08"
"360","s1mple",60917582,509658,"live",11113,"ru","2020-10-12 08:14:54","2020-10-11 18:46:08"
"361","s1mple",60917582,509658,"live",10356,"ru","2020-10-12 08:17:30","2020-10-11 18:46:08"
"362","s1mple",60917582,509658,"live",10137,"ru","2020-10-12 08:24:55","2020-10-11 18:46:08"
"363","s1mple",60917582,509658,"live",10456,"ru","2020-10-12 08:27:30","2020-10-11 18:46:08"
"364","s1mple",60917582,509658,"live",9949,"ru","2020-10-12 08:34:55","2020-10-11 18:46:08"
"365","s1mple",60917582,509658,"live",10149,"ru","2020-10-12 08:37:31","2020-10-11 18:46:08"
"366","s1mple",60917582,510218,"live",9943,"ru","2020-10-12 08:44:56","2020-10-11 18:46:08"
"367","s1mple",60917582,510218,"live",9666,"ru","2020-10-12 08:47:31","2020-10-11 18:46:08"
"368","s1mple",60917582,510218,"live",9827,"ru","2020-10-12 08:54:56","2020-10-11 18:46:08"
"369","s1mple",60917582,510218,"live",9827,"ru","2020-10-12 08:57:31","2020-10-11 18:46:08"
"370","s1mple",60917582,510218,"live",10055,"ru","2020-10-12 09:04:56","2020-10-11 18:46:08"
"371","s1mple",60917582,510218,"live",10055,"ru","2020-10-12 09:07:32","2020-10-11 18:46:08"
"372","s1mple",60917582,510218,"live",10338,"ru","2020-10-12 09:14:57","2020-10-11 18:46:08"
"373","s1mple",60917582,510218,"live",10338,"ru","2020-10-12 09:17:32","2020-10-11 18:46:08"
"374","s1mple",60917582,510218,"live",9775,"ru","2020-10-12 09:24:57","2020-10-11 18:46:08"
"375","s1mple",60917582,510218,"live",9775,"ru","2020-10-12 09:27:32","2020-10-11 18:46:08"
"376","s1mple",60917582,510218,"live",9442,"ru","2020-10-12 09:34:57","2020-10-11 18:46:08"
"377","s1mple",60917582,510218,"live",9183,"ru","2020-10-12 09:37:33","2020-10-11 18:46:08"
"378","s1mple",60917582,510218,"live",9447,"ru","2020-10-12 09:44:58","2020-10-11 18:46:08"
"379","s1mple",60917582,510218,"live",7821,"ru","2020-10-12 09:47:33","2020-10-11 18:46:08"
"380","s1mple",60917582,510218,"live",7604,"ru","2020-10-12 09:54:58","2020-10-11 18:46:08"
"381","s1mple",60917582,510218,"live",7604,"ru","2020-10-12 09:57:34","2020-10-11 18:46:08"
"382","s1mple",60917582,510218,"live",2304,"ru","2020-10-12 10:04:59","2020-10-11 21:00:47"
"383","s1mple",60917582,510218,"live",2728,"ru","2020-10-12 10:07:34","2020-10-11 21:00:47"
"384","s1mple",60917582,510218,"live",4049,"ru","2020-10-12 10:14:59","2020-10-11 21:00:47"
"385","s1mple",60917582,510218,"live",4049,"ru","2020-10-12 10:17:34","2020-10-11 21:00:47"
"386","s1mple",60917582,510218,"live",4578,"ru","2020-10-12 10:24:59","2020-10-11 21:00:47"
"387","s1mple",60917582,510218,"live",4963,"ru","2020-10-12 10:27:35","2020-10-11 21:00:47"
"388","shroud",37402112,518184,"live",32481,"en","2020-10-11 20:27:04","2020-10-10 23:46:49"
"389","shroud",37402112,518184,"live",32481,"en","2020-10-11 20:34:29","2020-10-10 23:46:49"
"390","shroud",37402112,518184,"live",33257,"en","2020-10-11 20:37:05","2020-10-10 23:46:49"
"391","shroud",37402112,518184,"live",33257,"en","2020-10-11 20:44:29","2020-10-10 23:46:49"
"392","shroud",37402112,518184,"live",32434,"en","2020-10-11 20:47:05","2020-10-10 23:46:49"
"393","shroud",37402112,518184,"live",26992,"en","2020-10-11 20:54:30","2020-10-10 23:46:49"
"394","shroud",37402112,518186,"live",28117,"en","2020-10-11 20:57:05","2020-10-10 23:46:49"
"395","shroud",37402112,518186,"live",26841,"en","2020-10-11 21:04:30","2020-10-10 23:46:49"
"396","shroud",37402112,518186,"live",27805,"en","2020-10-11 21:07:06","2020-10-10 23:46:49"
"397","shroud",37402112,518186,"live",26050,"en","2020-10-11 21:14:30","2020-10-10 23:46:49"
"398","shroud",37402112,518186,"live",26050,"en","2020-10-11 21:17:06","2020-10-10 23:46:49"
"399","shroud",37402112,518186,"live",28288,"en","2020-10-11 21:24:31","2020-10-10 23:46:49"
"400","shroud",37402112,518186,"live",29177,"en","2020-10-11 21:27:06","2020-10-10 23:46:49"
"401","shroud",37402112,518186,"live",29177,"en","2020-10-11 21:34:31","2020-10-10 23:46:49"
"402","shroud",37402112,518186,"live",29804,"en","2020-10-11 21:37:07","2020-10-10 23:46:49"
"403","shroud",37402112,518186,"live",30773,"en","2020-10-11 21:44:31","2020-10-10 23:46:49"
"404","shroud",37402112,518186,"live",30773,"en","2020-10-11 21:47:07","2020-10-10 23:46:49"
"405","shroud",37402112,518186,"live",30056,"en","2020-10-11 21:54:32","2020-10-10 23:46:49"
"406","shroud",37402112,518186,"live",31090,"en","2020-10-11 21:57:07","2020-10-10 23:46:49"
"407","shroud",37402112,518186,"live",31881,"en","2020-10-11 22:04:32","2020-10-10 23:46:49"
"408","shroud",37402112,518186,"live",32819,"en","2020-10-11 22:07:08","2020-10-10 23:46:49"
"409","shroud",37402112,518186,"live",30725,"en","2020-10-11 22:14:32","2020-10-10 23:46:49"
"410","shroud",37402112,518186,"live",30725,"en","2020-10-11 22:17:08","2020-10-10 23:46:49"
"411","shroud",37402112,518186,"live",31510,"en","2020-10-11 22:24:33","2020-10-10 23:46:49"
"412","shroud",37402112,518186,"live",31510,"en","2020-10-11 22:27:08","2020-10-10 23:46:49"
"413","shroud",37402112,518186,"live",31669,"en","2020-10-11 22:34:33","2020-10-10 23:46:49"
"414","shroud",37402112,518186,"live",31669,"en","2020-10-11 22:37:09","2020-10-10 23:46:49"
"415","shroud",37402112,518186,"live",33219,"en","2020-10-11 22:44:33","2020-10-10 23:46:49"
"416","shroud",37402112,518186,"live",32542,"en","2020-10-11 22:47:09","2020-10-10 23:46:49"
"417","shroud",37402112,518186,"live",33835,"en","2020-10-11 22:54:34","2020-10-10 23:46:49"
"418","shroud",37402112,518186,"live",34885,"en","2020-10-11 22:57:09","2020-10-10 23:46:49"
"419","shroud",37402112,518186,"live",32578,"en","2020-10-11 23:04:34","2020-10-10 23:46:49"
"420","shroud",37402112,518186,"live",31552,"en","2020-10-11 23:07:10","2020-10-10 23:46:49"
"421","shroud",37402112,509658,"live",4387,"en","2020-10-12 15:35:11","2020-10-12 02:27:44"
"422","shroud",37402112,509658,"live",4387,"en","2020-10-12 15:37:47","2020-10-12 02:27:44"
"423","shroud",37402112,509658,"live",6233,"en","2020-10-12 15:45:11","2020-10-12 02:27:44"
"424","shroud",37402112,509658,"live",8765,"en","2020-10-12 15:47:48","2020-10-12 02:27:44"
"425","shroud",37402112,509658,"live",10164,"en","2020-10-12 15:55:12","2020-10-12 02:27:44"
"426","shroud",37402112,509658,"live",11038,"en","2020-10-12 15:57:48","2020-10-12 02:27:44"
"427","shroud",37402112,509658,"live",12209,"en","2020-10-12 16:05:12","2020-10-12 02:27:44"
"428","shroud",37402112,488479,"live",12209,"en","2020-10-12 16:07:48","2020-10-12 02:27:44"
"429","shroud",37402112,488479,"live",12546,"en","2020-10-12 16:15:12","2020-10-12 02:27:44"
"430","shroud",37402112,488479,"live",13632,"en","2020-10-12 16:17:49","2020-10-12 02:27:44"
"431","shroud",37402112,488479,"live",15474,"en","2020-10-12 16:25:13","2020-10-12 02:27:44"
"432","shroud",37402112,488479,"live",15962,"en","2020-10-12 16:27:49","2020-10-12 02:27:44"
"433","shroud",37402112,488479,"live",17898,"en","2020-10-12 16:35:13","2020-10-12 02:27:44"
"434","shroud",37402112,488479,"live",18553,"en","2020-10-12 16:37:49","2020-10-12 02:27:44"
"435","shroud",37402112,488479,"live",19166,"en","2020-10-12 16:45:14","2020-10-12 02:27:44"
"436","shroud",37402112,488479,"live",19166,"en","2020-10-12 16:47:50","2020-10-12 02:27:44"
"437","shroud",37402112,488479,"live",18968,"en","2020-10-12 16:55:14","2020-10-12 02:27:44"
"438","shroud",37402112,488479,"live",18968,"en","2020-10-12 16:57:50","2020-10-12 02:27:44"
"439","shroud",37402112,488479,"live",18968,"en","2020-10-12 17:05:14","2020-10-12 02:27:44"
"440","shroud",37402112,488479,"live",18968,"en","2020-10-12 17:07:51","2020-10-12 02:27:44"
"441","shroud",37402112,488479,"live",20175,"en","2020-10-12 17:15:15","2020-10-12 02:27:44"
"442","shroud",37402112,488479,"live",18692,"en","2020-10-12 17:17:51","2020-10-12 02:27:44"
"443","shroud",37402112,488479,"live",18864,"en","2020-10-12 17:25:15","2020-10-12 02:27:44"
"444","shroud",37402112,488479,"live",18864,"en","2020-10-12 17:27:51","2020-10-12 02:27:44"
"445","shroud",37402112,488479,"live",19386,"en","2020-10-12 17:35:15","2020-10-12 02:27:44"
"446","shroud",37402112,488479,"live",18840,"en","2020-10-12 17:37:52","2020-10-12 02:27:44"
"447","shroud",37402112,488479,"live",19254,"en","2020-10-12 17:45:16","2020-10-12 02:27:44"
"448","shroud",37402112,488479,"live",19254,"en","2020-10-12 17:47:52","2020-10-12 02:27:44"
"449","shroud",37402112,488479,"live",19822,"en","2020-10-12 17:55:16","2020-10-12 02:27:44"
"450","shroud",37402112,488479,"live",19822,"en","2020-10-12 17:57:52","2020-10-12 02:27:44"
"451","shroud",37402112,488479,"live",18655,"en","2020-10-12 18:05:16","2020-10-12 02:27:44"
"452","shroud",37402112,488479,"live",19050,"en","2020-10-12 18:07:53","2020-10-12 02:27:44"
"453","shroud",37402112,488479,"live",19598,"en","2020-10-12 18:15:17","2020-10-12 02:27:44"
"454","shroud",37402112,488479,"live",20236,"en","2020-10-12 18:17:53","2020-10-12 02:27:44"
"455","shroud",37402112,488479,"live",18801,"en","2020-10-12 18:25:17","2020-10-12 02:27:44"
"456","shroud",37402112,488479,"live",18801,"en","2020-10-12 18:27:53","2020-10-12 02:27:44"
"457","shroud",37402112,488479,"live",18392,"en","2020-10-12 18:35:18","2020-10-12 02:27:44"
"458","shroud",37402112,488479,"live",18392,"en","2020-10-12 18:37:54","2020-10-12 02:27:44"
"459","shroud",37402112,488479,"live",18956,"en","2020-10-12 18:45:18","2020-10-12 02:27:44"
"460","shroud",37402112,488479,"live",18479,"en","2020-10-12 18:47:54","2020-10-12 02:27:44"
"461","shroud",37402112,488479,"live",19028,"en","2020-10-12 18:55:18","2020-10-12 02:27:44"
"462","shroud",37402112,488479,"live",19028,"en","2020-10-12 18:57:55","2020-10-12 02:27:44"
"463","shroud",37402112,488479,"live",19574,"en","2020-10-12 19:05:19","2020-10-12 02:27:44"
"464","shroud",37402112,488479,"live",19574,"en","2020-10-12 19:07:55","2020-10-12 02:27:44"
"465","shroud",37402112,488479,"live",19574,"en","2020-10-12 19:15:19","2020-10-12 02:27:44"
"466","shroud",37402112,488479,"live",19574,"en","2020-10-12 19:17:55","2020-10-12 02:27:44"
"467","shroud",37402112,488479,"live",20178,"en","2020-10-12 19:25:19","2020-10-12 02:27:44"
"468","shroud",37402112,488479,"live",19633,"en","2020-10-12 19:27:56","2020-10-12 02:27:44"
"469","shroud",37402112,488479,"live",20403,"en","2020-10-12 19:35:20","2020-10-12 02:27:44"
"470","shroud",37402112,488479,"live",20403,"en","2020-10-12 19:37:56","2020-10-12 02:27:44"
"471","shroud",37402112,488479,"live",21622,"en","2020-10-12 19:45:20","2020-10-12 02:27:44"
"472","shroud",37402112,488479,"live",21622,"en","2020-10-12 19:47:56","2020-10-12 02:27:44"
"473","shroud",37402112,488479,"live",21548,"en","2020-10-12 19:55:20","2020-10-12 02:27:44"
"474","shroud",37402112,488479,"live",22528,"en","2020-10-12 19:57:57","2020-10-12 02:27:44"
"475","SkipNhO",63602976,510218,"live",6519,"pt","2020-10-11 20:27:04","2020-10-10 22:25:02"
"476","SkipNhO",63602976,510218,"live",5783,"pt","2020-10-11 20:34:29","2020-10-10 22:25:02"
"477","SkipNhO",63602976,510218,"live",5783,"pt","2020-10-11 20:37:05","2020-10-10 22:25:02"
"478","SkipNhO",63602976,510218,"live",5598,"pt","2020-10-11 20:44:29","2020-10-10 22:25:02"
"479","SkipNhO",63602976,510218,"live",5598,"pt","2020-10-11 20:47:05","2020-10-10 22:25:02"
"480","SkipNhO",63602976,510218,"live",5352,"pt","2020-10-11 20:54:30","2020-10-10 22:25:02"
"481","SkipNhO",63602976,510218,"live",5610,"pt","2020-10-11 20:57:05","2020-10-10 22:25:02"
"482","SkipNhO",63602976,510218,"live",13627,"pt","2020-10-11 21:04:30","2020-10-10 22:25:02"
"483","SkipNhO",63602976,510218,"live",13627,"pt","2020-10-11 21:07:06","2020-10-10 22:25:02"
"484","SkipNhO",63602976,510218,"live",10513,"pt","2020-10-11 21:14:30","2020-10-10 22:25:02"
"485","SkipNhO",63602976,509658,"live",122,"pt","2020-10-12 10:55:00","2020-10-11 21:53:18"
"486","SkipNhO",63602976,509658,"live",122,"pt","2020-10-12 10:57:36","2020-10-11 21:53:18"
"487","SkipNhO",63602976,509658,"live",729,"pt","2020-10-12 11:05:01","2020-10-11 21:53:18"
"488","SkipNhO",63602976,509658,"live",729,"pt","2020-10-12 11:07:36","2020-10-11 21:53:18"
"489","SkipNhO",63602976,509658,"live",1735,"pt","2020-10-12 11:15:01","2020-10-11 21:53:18"
"490","SkipNhO",63602976,509658,"live",2073,"pt","2020-10-12 11:17:37","2020-10-11 21:53:18"
"491","SkipNhO",63602976,509658,"live",2425,"pt","2020-10-12 11:25:02","2020-10-11 21:53:18"
"492","SkipNhO",63602976,509658,"live",2425,"pt","2020-10-12 11:27:37","2020-10-11 21:53:18"
"493","SkipNhO",63602976,518184,"live",3015,"pt","2020-10-12 11:35:02","2020-10-11 21:53:18"
"494","SkipNhO",63602976,518184,"live",3288,"pt","2020-10-12 11:37:37","2020-10-11 21:53:18"
"495","SkipNhO",63602976,518184,"live",3852,"pt","2020-10-12 11:45:02","2020-10-11 21:53:18"
"496","SkipNhO",63602976,518184,"live",3852,"pt","2020-10-12 11:47:38","2020-10-11 21:53:18"
"497","SkipNhO",63602976,518184,"live",4153,"pt","2020-10-12 11:55:03","2020-10-11 21:53:18"
"498","SkipNhO",63602976,518184,"live",4299,"pt","2020-10-12 11:57:38","2020-10-11 21:53:18"
"499","SkipNhO",63602976,518184,"live",4977,"pt","2020-10-12 12:05:03","2020-10-11 21:53:18"
"500","SkipNhO",63602976,518184,"live",4814,"pt","2020-10-12 12:07:38","2020-10-11 21:53:18"
"501","SkipNhO",63602976,518184,"live",4646,"pt","2020-10-12 12:15:03","2020-10-11 21:53:18"
"502","SkipNhO",63602976,518184,"live",4833,"pt","2020-10-12 12:17:39","2020-10-11 21:53:18"
"503","SkipNhO",63602976,518184,"live",4986,"pt","2020-10-12 12:25:04","2020-10-11 21:53:18"
"504","SkipNhO",63602976,518184,"live",5130,"pt","2020-10-12 12:27:39","2020-10-11 21:53:18"
"505","SkipNhO",63602976,518184,"live",5302,"pt","2020-10-12 12:35:04","2020-10-11 21:53:18"
"506","SkipNhO",63602976,518184,"live",5431,"pt","2020-10-12 12:37:40","2020-10-11 21:53:18"
"507","SkipNhO",63602976,518184,"live",5637,"pt","2020-10-12 12:45:05","2020-10-11 21:53:18"
"508","SkipNhO",63602976,518184,"live",5434,"pt","2020-10-12 12:47:40","2020-10-11 21:53:18"
"509","SkipNhO",63602976,518184,"live",5840,"pt","2020-10-12 12:55:05","2020-10-11 21:53:18"
"510","SkipNhO",63602976,518184,"live",6021,"pt","2020-10-12 12:57:40","2020-10-11 21:53:18"
"511","SkipNhO",63602976,518184,"live",6058,"pt","2020-10-12 13:05:05","2020-10-11 21:53:18"
"512","SkipNhO",63602976,518184,"live",6058,"pt","2020-10-12 13:07:41","2020-10-11 21:53:18"
"513","SkipNhO",63602976,518184,"live",6659,"pt","2020-10-12 13:15:06","2020-10-11 21:53:18"
"514","SkipNhO",63602976,518184,"live",6796,"pt","2020-10-12 13:17:41","2020-10-11 21:53:18"
"515","SkipNhO",63602976,518184,"live",6881,"pt","2020-10-12 13:25:06","2020-10-11 21:53:18"
"516","SkipNhO",63602976,518184,"live",6727,"pt","2020-10-12 13:27:41","2020-10-11 21:53:18"
"517","SkipNhO",63602976,518184,"live",6727,"pt","2020-10-12 13:35:06","2020-10-11 21:53:18"
"518","SkipNhO",63602976,518184,"live",6727,"pt","2020-10-12 13:37:42","2020-10-11 21:53:18"
"519","SkipNhO",63602976,518184,"live",6867,"pt","2020-10-12 13:45:07","2020-10-11 21:53:18"
"520","SkipNhO",63602976,518184,"live",7033,"pt","2020-10-12 13:47:42","2020-10-11 21:53:18"
"521","SkipNhO",63602976,518184,"live",6891,"pt","2020-10-12 13:55:07","2020-10-11 21:53:18"
"522","SkipNhO",63602976,518184,"live",6891,"pt","2020-10-12 13:57:43","2020-10-11 21:53:18"
"523","SkipNhO",63602976,518184,"live",6649,"pt","2020-10-12 14:05:07","2020-10-11 21:53:18"
"524","SkipNhO",63602976,518184,"live",6649,"pt","2020-10-12 14:07:43","2020-10-11 21:53:18"
"525","SkipNhO",63602976,518184,"live",6881,"pt","2020-10-12 14:15:08","2020-10-11 21:53:18"
"526","SkipNhO",63602976,518184,"live",6727,"pt","2020-10-12 14:17:43","2020-10-11 21:53:18"
"527","SkipNhO",63602976,518184,"live",6284,"pt","2020-10-12 14:25:08","2020-10-11 21:53:18"
"528","SkipNhO",63602976,518184,"live",6284,"pt","2020-10-12 14:27:44","2020-10-11 21:53:18"
"529","SkipNhO",63602976,518184,"live",6284,"pt","2020-10-12 14:35:09","2020-10-11 21:53:18"
"530","SkipNhO",63602976,518184,"live",6284,"pt","2020-10-12 14:37:44","2020-10-11 21:53:18"
"531","SkipNhO",63602976,518184,"live",6506,"pt","2020-10-12 14:45:09","2020-10-11 21:53:18"
"532","SkipNhO",63602976,518184,"live",6506,"pt","2020-10-12 14:47:44","2020-10-11 21:53:18"
"533","SkipNhO",63602976,518184,"live",6283,"pt","2020-10-12 14:55:09","2020-10-11 21:53:18"
"534","SkipNhO",63602976,518184,"live",6283,"pt","2020-10-12 14:57:45","2020-10-11 21:53:18"
"535","SkipNhO",63602976,518184,"live",6099,"pt","2020-10-12 15:05:10","2020-10-11 21:53:18"
"536","SkipNhO",63602976,518184,"live",5885,"pt","2020-10-12 15:07:46","2020-10-11 21:53:18"
"537","SkipNhO",63602976,518184,"live",6139,"pt","2020-10-12 15:15:10","2020-10-11 21:53:18"
"538","SkipNhO",63602976,518184,"live",6291,"pt","2020-10-12 15:17:46","2020-10-11 21:53:18"
"539","SkipNhO",63602976,518184,"live",6291,"pt","2020-10-12 15:25:10","2020-10-11 21:53:18"
"540","SkipNhO",63602976,518184,"live",6467,"pt","2020-10-12 15:27:47","2020-10-11 21:53:18"
"541","SkipNhO",63602976,518184,"live",6597,"pt","2020-10-12 15:35:11","2020-10-11 21:53:18"
"542","SkipNhO",63602976,518184,"live",6597,"pt","2020-10-12 15:37:47","2020-10-11 21:53:18"
"543","SkipNhO",63602976,518184,"live",6597,"pt","2020-10-12 15:45:11","2020-10-11 21:53:18"
"544","SkipNhO",63602976,518184,"live",6597,"pt","2020-10-12 15:47:48","2020-10-11 21:53:18"
"545","SkipNhO",63602976,518184,"live",7050,"pt","2020-10-12 15:55:12","2020-10-11 21:53:18"
"546","SkipNhO",63602976,518184,"live",7601,"pt","2020-10-12 15:57:48","2020-10-11 21:53:18"
"547","SkipNhO",63602976,518184,"live",7330,"pt","2020-10-12 16:05:12","2020-10-11 21:53:18"
"548","SkipNhO",63602976,518184,"live",7330,"pt","2020-10-12 16:07:48","2020-10-11 21:53:18"
"549","SkipNhO",63602976,518184,"live",7168,"pt","2020-10-12 16:15:12","2020-10-11 21:53:18"
"550","SkipNhO",63602976,518184,"live",7168,"pt","2020-10-12 16:17:49","2020-10-11 21:53:18"
"551","SkipNhO",63602976,518184,"live",7168,"pt","2020-10-12 16:25:13","2020-10-11 21:53:18"
"552","SkipNhO",63602976,518184,"live",6751,"pt","2020-10-12 16:27:49","2020-10-11 21:53:18"
"553","SkipNhO",63602976,31623,"live",6219,"pt","2020-10-12 16:35:13","2020-10-11 21:53:18"
"554","SkipNhO",63602976,31623,"live",6016,"pt","2020-10-12 16:37:49","2020-10-11 21:53:18"
"555","SkipNhO",63602976,31623,"live",5674,"pt","2020-10-12 16:45:14","2020-10-11 21:53:18"
"556","SkipNhO",63602976,31623,"live",5674,"pt","2020-10-12 16:47:50","2020-10-11 21:53:18"
"557","SkipNhO",63602976,31623,"live",6024,"pt","2020-10-12 16:55:14","2020-10-11 21:53:18"
"558","SkipNhO",63602976,31623,"live",6024,"pt","2020-10-12 16:57:50","2020-10-11 21:53:18"
"559","SkipNhO",63602976,31623,"live",5741,"pt","2020-10-12 17:05:14","2020-10-11 21:53:18"
"560","SkipNhO",63602976,31623,"live",5741,"pt","2020-10-12 17:07:51","2020-10-11 21:53:18"
"561","SkipNhO",63602976,31623,"live",5741,"pt","2020-10-12 17:15:15","2020-10-11 21:53:18"
"562","SkipNhO",63602976,31623,"live",5741,"pt","2020-10-12 17:17:51","2020-10-11 21:53:18"
"563","SkipNhO",63602976,31623,"live",5478,"pt","2020-10-12 17:25:15","2020-10-11 21:53:18"
"564","SkipNhO",63602976,31623,"live",5478,"pt","2020-10-12 17:27:51","2020-10-11 21:53:18"
"565","SkipNhO",63602976,31623,"live",5478,"pt","2020-10-12 17:35:15","2020-10-11 21:53:18"
"566","SovietWomble",67802451,16676,"live",954,"en","2020-10-12 08:04:54","2020-10-11 18:58:03"
"567","SovietWomble",67802451,16676,"live",1761,"en","2020-10-12 08:07:29","2020-10-11 18:58:03"
"568","SovietWomble",67802451,16676,"live",2483,"en","2020-10-12 08:14:54","2020-10-11 18:58:03"
"569","SovietWomble",67802451,16676,"live",2483,"en","2020-10-12 08:17:30","2020-10-11 18:58:03"
"570","SovietWomble",67802451,16676,"live",443,"en","2020-10-12 08:27:30","2020-10-11 19:24:21"
"571","SovietWomble",67802451,16676,"live",2068,"en","2020-10-12 08:34:55","2020-10-11 19:24:21"
"572","SovietWomble",67802451,16676,"live",2417,"en","2020-10-12 08:37:31","2020-10-11 19:24:21"
"573","SovietWomble",67802451,16676,"live",2593,"en","2020-10-12 08:44:56","2020-10-11 19:24:21"
"574","SovietWomble",67802451,16676,"live",2844,"en","2020-10-12 08:47:31","2020-10-11 19:24:21"
"575","SovietWomble",67802451,16676,"live",3080,"en","2020-10-12 08:54:56","2020-10-11 19:24:21"
"576","SovietWomble",67802451,16676,"live",3258,"en","2020-10-12 08:57:31","2020-10-11 19:24:21"
"577","SovietWomble",67802451,16676,"live",3258,"en","2020-10-12 09:04:56","2020-10-11 19:24:21"
"578","SovietWomble",67802451,16676,"live",3258,"en","2020-10-12 09:07:32","2020-10-11 19:24:21"
"579","SovietWomble",67802451,16676,"live",3389,"en","2020-10-12 09:14:57","2020-10-11 19:24:21"
"580","SovietWomble",67802451,16676,"live",3470,"en","2020-10-12 09:17:32","2020-10-11 19:24:21"
"581","SovietWomble",67802451,16676,"live",3560,"en","2020-10-12 09:24:57","2020-10-11 19:24:21"
"582","SovietWomble",67802451,16676,"live",3560,"en","2020-10-12 09:27:32","2020-10-11 19:24:21"
"583","SovietWomble",67802451,16676,"live",3672,"en","2020-10-12 09:34:57","2020-10-11 19:24:21"
"584","SovietWomble",67802451,16676,"live",3577,"en","2020-10-12 09:37:33","2020-10-11 19:24:21"
"585","SovietWomble",67802451,16676,"live",3587,"en","2020-10-12 09:44:58","2020-10-11 19:24:21"
"586","SovietWomble",67802451,16676,"live",3704,"en","2020-10-12 09:47:33","2020-10-11 19:24:21"
"587","SovietWomble",67802451,16676,"live",3581,"en","2020-10-12 09:54:58","2020-10-11 19:24:21"
"588","SovietWomble",67802451,16676,"live",3581,"en","2020-10-12 09:57:34","2020-10-11 19:24:21"
"589","SovietWomble",67802451,16676,"live",3738,"en","2020-10-12 10:04:59","2020-10-11 19:24:21"
"590","SovietWomble",67802451,16676,"live",3585,"en","2020-10-12 10:07:34","2020-10-11 19:24:21"
"591","SovietWomble",67802451,16676,"live",3657,"en","2020-10-12 10:14:59","2020-10-11 19:24:21"
"592","SovietWomble",67802451,16676,"live",3008,"en","2020-10-12 10:17:34","2020-10-11 19:24:21"
"593","Tfue",60056333,512710,"live",19924,"en","2020-10-11 20:27:04","2020-10-10 23:32:28"
"594","Tfue",60056333,512710,"live",20403,"en","2020-10-11 20:34:29","2020-10-10 23:32:28"
"595","Tfue",60056333,512710,"live",19599,"en","2020-10-11 20:37:05","2020-10-10 23:32:28"
"596","Tfue",60056333,510218,"live",1345,"en","2020-10-12 15:45:11","2020-10-12 02:40:44"
"597","Tfue",60056333,510218,"live",4087,"en","2020-10-12 15:47:48","2020-10-12 02:40:44"
"598","Tfue",60056333,510218,"live",5781,"en","2020-10-12 15:55:12","2020-10-12 02:40:44"
"599","Tfue",60056333,510218,"live",5638,"en","2020-10-12 15:57:48","2020-10-12 02:40:44"
"600","Tfue",60056333,510218,"live",6681,"en","2020-10-12 16:05:12","2020-10-12 02:40:44"
"601","Tfue",60056333,510218,"live",7606,"en","2020-10-12 16:07:48","2020-10-12 02:40:44"
"602","Tfue",60056333,510218,"live",9544,"en","2020-10-12 16:15:12","2020-10-12 02:40:44"
"603","Tfue",60056333,510218,"live",9867,"en","2020-10-12 16:17:49","2020-10-12 02:40:44"
"604","Tfue",60056333,510218,"live",8992,"en","2020-10-12 16:25:13","2020-10-12 02:40:44"
"605","Tfue",60056333,510218,"live",9234,"en","2020-10-12 16:27:49","2020-10-12 02:40:44"
"606","Tfue",60056333,510218,"live",9506,"en","2020-10-12 16:35:13","2020-10-12 02:40:44"
"607","Tfue",60056333,510218,"live",9699,"en","2020-10-12 16:37:49","2020-10-12 02:40:44"
"608","Tfue",60056333,510218,"live",9699,"en","2020-10-12 16:45:14","2020-10-12 02:40:44"
"609","Tfue",60056333,510218,"live",9699,"en","2020-10-12 16:47:50","2020-10-12 02:40:44"
"610","Tfue",60056333,510218,"live",10305,"en","2020-10-12 16:55:14","2020-10-12 02:40:44"
"611","Tfue",60056333,510218,"live",10548,"en","2020-10-12 16:57:50","2020-10-12 02:40:44"
"612","Tfue",60056333,510218,"live",11809,"en","2020-10-12 17:05:14","2020-10-12 02:40:44"
"613","Tfue",60056333,510218,"live",11809,"en","2020-10-12 17:07:51","2020-10-12 02:40:44"
"614","Tfue",60056333,510218,"live",11873,"en","2020-10-12 17:15:15","2020-10-12 02:40:44"
"615","Tfue",60056333,510218,"live",11873,"en","2020-10-12 17:17:51","2020-10-12 02:40:44"
"616","Tfue",60056333,510218,"live",11929,"en","2020-10-12 17:25:15","2020-10-12 02:40:44"
"617","Tfue",60056333,510218,"live",11929,"en","2020-10-12 17:27:51","2020-10-12 02:40:44"
"618","Tfue",60056333,510218,"live",13004,"en","2020-10-12 17:35:15","2020-10-12 02:40:44"
"619","Tfue",60056333,510218,"live",13004,"en","2020-10-12 17:37:52","2020-10-12 02:40:44"
"620","Tfue",60056333,510218,"live",12888,"en","2020-10-12 17:45:16","2020-10-12 02:40:44"
"621","Tfue",60056333,510218,"live",12888,"en","2020-10-12 17:47:52","2020-10-12 02:40:44"
"622","Tfue",60056333,510218,"live",13366,"en","2020-10-12 17:55:16","2020-10-12 02:40:44"
"623","Tfue",60056333,510218,"live",13366,"en","2020-10-12 17:57:52","2020-10-12 02:40:44"
"624","Tfue",60056333,510218,"live",13796,"en","2020-10-12 18:05:16","2020-10-12 02:40:44"
"625","Tfue",60056333,510218,"live",13056,"en","2020-10-12 18:07:53","2020-10-12 02:40:44"
"626","Tfue",60056333,510218,"live",13056,"en","2020-10-12 18:15:17","2020-10-12 02:40:44"
"627","Tfue",60056333,510218,"live",13056,"en","2020-10-12 18:17:53","2020-10-12 02:40:44"
"628","Tfue",60056333,510218,"live",13551,"en","2020-10-12 18:25:17","2020-10-12 02:40:44"
"629","Tfue",60056333,510218,"live",13551,"en","2020-10-12 18:27:53","2020-10-12 02:40:44"
"630","Tfue",60056333,510218,"live",13636,"en","2020-10-12 18:35:18","2020-10-12 02:40:44"
"631","Tfue",60056333,510218,"live",13636,"en","2020-10-12 18:37:54","2020-10-12 02:40:44"
"632","Tfue",60056333,510218,"live",13207,"en","2020-10-12 18:45:18","2020-10-12 02:40:44"
"633","Tfue",60056333,510218,"live",13207,"en","2020-10-12 18:47:54","2020-10-12 02:40:44"
"634","Tfue",60056333,510218,"live",14375,"en","2020-10-12 18:55:18","2020-10-12 02:40:44"
"635","Tfue",60056333,510218,"live",14375,"en","2020-10-12 18:57:55","2020-10-12 02:40:44"
"636","Tfue",60056333,510218,"live",16840,"en","2020-10-12 19:05:19","2020-10-12 02:40:44"
"637","Tfue",60056333,510218,"live",13838,"en","2020-10-12 19:07:55","2020-10-12 02:40:44"
"638","Tfue",60056333,510218,"live",13500,"en","2020-10-12 19:15:19","2020-10-12 02:40:44"
"639","Tfue",60056333,510218,"live",13500,"en","2020-10-12 19:17:55","2020-10-12 02:40:44"
"640","Tfue",60056333,510218,"live",16347,"en","2020-10-12 19:25:19","2020-10-12 02:40:44"
"641","Tfue",60056333,510218,"live",16347,"en","2020-10-12 19:27:56","2020-10-12 02:40:44"
"642","Tfue",60056333,510218,"live",19157,"en","2020-10-12 19:35:20","2020-10-12 02:40:44"
"643","Tfue",60056333,510218,"live",16115,"en","2020-10-12 19:37:56","2020-10-12 02:40:44"
"644","Tfue",60056333,510218,"live",15763,"en","2020-10-12 19:45:20","2020-10-12 02:40:44"
"645","Tfue",60056333,510218,"live",15763,"en","2020-10-12 19:47:56","2020-10-12 02:40:44"
"646","Tfue",60056333,510218,"live",15541,"en","2020-10-12 19:55:20","2020-10-12 02:40:44"
"647","Tfue",60056333,510218,"live",15541,"en","2020-10-12 19:57:57","2020-10-12 02:40:44"
"648","Trymacs",64342766,518204,"live",0,"de","2020-10-12 03:47:20","2020-10-11 14:46:34"
"649","Trymacs",64342766,518204,"live",8395,"de","2020-10-12 03:54:44","2020-10-11 14:46:34"
"650","Trymacs",64342766,518204,"live",8395,"de","2020-10-12 03:57:20","2020-10-11 14:46:34"
"651","Trymacs",64342766,518204,"live",18332,"de","2020-10-12 04:04:45","2020-10-11 14:46:34"
"652","Trymacs",64342766,518204,"live",19858,"de","2020-10-12 04:07:20","2020-10-11 14:46:34"
"653","Trymacs",64342766,518204,"live",21489,"de","2020-10-12 04:14:45","2020-10-11 14:46:34"
"654","Trymacs",64342766,518204,"live",23611,"de","2020-10-12 04:17:21","2020-10-11 14:46:34"
"655","Trymacs",64342766,518204,"live",29716,"de","2020-10-12 04:24:46","2020-10-11 14:46:34"
"656","Trymacs",64342766,518204,"live",29716,"de","2020-10-12 04:27:21","2020-10-11 14:46:34"
"657","Trymacs",64342766,518204,"live",27925,"de","2020-10-12 04:34:46","2020-10-11 14:46:34"
"658","Trymacs",64342766,518204,"live",27925,"de","2020-10-12 04:37:21","2020-10-11 14:46:34"
"659","Trymacs",64342766,518204,"live",27039,"de","2020-10-12 04:44:47","2020-10-11 14:46:34"
"660","Trymacs",64342766,518204,"live",27622,"de","2020-10-12 04:47:22","2020-10-11 14:46:34"
"661","Trymacs",64342766,518204,"live",28242,"de","2020-10-12 04:54:47","2020-10-11 14:46:34"
"662","Trymacs",64342766,518204,"live",28242,"de","2020-10-12 04:57:22","2020-10-11 14:46:34"
"663","Trymacs",64342766,518204,"live",28817,"de","2020-10-12 05:04:47","2020-10-11 14:46:34"
"664","Trymacs",64342766,518204,"live",28224,"de","2020-10-12 05:07:22","2020-10-11 14:46:34"
"665","Trymacs",64342766,518204,"live",28224,"de","2020-10-12 05:14:48","2020-10-11 14:46:34"
"666","Trymacs",64342766,518204,"live",28816,"de","2020-10-12 05:17:23","2020-10-11 14:46:34"
"667","Trymacs",64342766,518204,"live",28816,"de","2020-10-12 05:24:48","2020-10-11 14:46:34"
"668","Trymacs",64342766,518204,"live",28816,"de","2020-10-12 05:27:23","2020-10-11 14:46:34"
"669","Trymacs",64342766,518204,"live",28816,"de","2020-10-12 05:34:48","2020-10-11 14:46:34"
"670","Trymacs",64342766,518204,"live",29454,"de","2020-10-12 05:37:24","2020-10-11 14:46:34"
"671","Trymacs",64342766,518204,"live",30261,"de","2020-10-12 05:44:49","2020-10-11 14:46:34"
"672","Trymacs",64342766,518204,"live",30920,"de","2020-10-12 05:47:24","2020-10-11 14:46:34"
"673","Trymacs",64342766,518204,"live",31544,"de","2020-10-12 05:54:49","2020-10-11 14:46:34"
"674","Trymacs",64342766,518204,"live",31544,"de","2020-10-12 05:57:25","2020-10-11 14:46:34"
"675","Trymacs",64342766,518204,"live",31544,"de","2020-10-12 06:04:50","2020-10-11 14:46:34"
"676","Trymacs",64342766,518204,"live",31544,"de","2020-10-12 06:07:25","2020-10-11 14:46:34"
"677","Trymacs",64342766,518204,"live",32297,"de","2020-10-12 06:14:50","2020-10-11 14:46:34"
"678","Trymacs",64342766,518204,"live",32297,"de","2020-10-12 06:17:25","2020-10-11 14:46:34"
"679","Trymacs",64342766,518204,"live",34928,"de","2020-10-12 06:24:50","2020-10-11 14:46:34"
"680","Trymacs",64342766,518204,"live",33780,"de","2020-10-12 06:27:26","2020-10-11 14:46:34"
"681","Trymacs",64342766,518204,"live",31450,"de","2020-10-12 06:34:51","2020-10-11 14:46:34"
"682","Trymacs",64342766,518204,"live",31450,"de","2020-10-12 06:37:26","2020-10-11 14:46:34"
"683","Trymacs",64342766,518204,"live",31450,"de","2020-10-12 06:44:51","2020-10-11 14:46:34"
"684","Trymacs",64342766,518204,"live",31450,"de","2020-10-12 06:47:27","2020-10-11 14:46:34"
"685","Trymacs",64342766,518204,"live",32098,"de","2020-10-12 06:54:51","2020-10-11 14:46:34"
"686","Trymacs",64342766,518204,"live",32098,"de","2020-10-12 06:57:27","2020-10-11 14:46:34"
"687","Trymacs",64342766,510218,"live",33261,"de","2020-10-12 07:04:52","2020-10-11 14:46:34"
"688","Trymacs",64342766,510218,"live",30637,"de","2020-10-12 07:07:27","2020-10-11 14:46:34"
"689","Trymacs",64342766,510218,"live",31469,"de","2020-10-12 07:14:52","2020-10-11 14:46:34"
"690","Trymacs",64342766,510218,"live",30412,"de","2020-10-12 07:17:28","2020-10-11 14:46:34"
"691","Trymacs",64342766,510218,"live",31809,"de","2020-10-12 07:24:52","2020-10-11 14:46:34"
"692","Trymacs",64342766,510218,"live",31809,"de","2020-10-12 07:27:28","2020-10-11 14:46:34"
"693","Trymacs",64342766,510218,"live",35752,"de","2020-10-12 07:34:53","2020-10-11 14:46:34"
"694","Trymacs",64342766,510218,"live",36822,"de","2020-10-12 07:37:28","2020-10-11 14:46:34"
"695","Trymacs",64342766,510218,"live",34618,"de","2020-10-12 07:44:53","2020-10-11 14:46:34"
"696","Trymacs",64342766,510218,"live",33781,"de","2020-10-12 07:47:29","2020-10-11 14:46:34"
"697","Trymacs",64342766,510218,"live",34798,"de","2020-10-12 07:54:54","2020-10-11 14:46:34"
"698","Trymacs",64342766,510218,"live",35606,"de","2020-10-12 07:57:29","2020-10-11 14:46:34"
"699","Trymacs",64342766,510218,"live",35606,"de","2020-10-12 08:04:54","2020-10-11 14:46:34"
"700","Trymacs",64342766,510218,"live",30325,"de","2020-10-12 08:07:29","2020-10-11 14:46:34"
"701","Trymacs",64342766,510218,"live",33971,"de","2020-10-12 08:14:54","2020-10-11 14:46:34"
"702","Trymacs",64342766,510218,"live",33971,"de","2020-10-12 08:17:30","2020-10-11 14:46:34"
"703","Trymacs",64342766,510218,"live",32728,"de","2020-10-12 08:24:55","2020-10-11 14:46:34"
"704","Trymacs",64342766,510218,"live",33501,"de","2020-10-12 08:27:30","2020-10-11 14:46:34"
"705","Trymacs",64342766,510218,"live",33501,"de","2020-10-12 08:34:55","2020-10-11 14:46:34"
"706","Trymacs",64342766,510218,"live",34340,"de","2020-10-12 08:37:31","2020-10-11 14:46:34"
"707","Trymacs",64342766,510218,"live",30833,"de","2020-10-12 08:44:56","2020-10-11 14:46:34"
"708","Trymacs",64342766,510218,"live",30833,"de","2020-10-12 08:47:31","2020-10-11 14:46:34"
"709","Trymacs",64342766,510218,"live",32984,"de","2020-10-12 08:54:56","2020-10-11 14:46:34"
"710","Trymacs",64342766,510218,"live",32984,"de","2020-10-12 08:57:31","2020-10-11 14:46:34"
"711","Trymacs",64342766,510218,"live",31537,"de","2020-10-12 09:04:56","2020-10-11 14:46:34"
"712","Trymacs",64342766,510218,"live",33627,"de","2020-10-12 09:07:32","2020-10-11 14:46:34"
"713","Trymacs",64342766,510218,"live",33864,"de","2020-10-12 09:14:57","2020-10-11 14:46:34"
"714","Trymacs",64342766,510218,"live",33864,"de","2020-10-12 09:17:32","2020-10-11 14:46:34"
"715","Trymacs",64342766,510218,"live",33293,"de","2020-10-12 09:24:57","2020-10-11 14:46:34"
"716","Trymacs",64342766,510218,"live",33293,"de","2020-10-12 09:27:32","2020-10-11 14:46:34"
"717","Trymacs",64342766,510218,"live",32722,"de","2020-10-12 09:34:57","2020-10-11 14:46:34"
"718","Trymacs",64342766,510218,"live",32722,"de","2020-10-12 09:37:33","2020-10-11 14:46:34"
"719","Trymacs",64342766,510218,"live",38191,"de","2020-10-12 09:44:58","2020-10-11 14:46:34"
"720","Trymacs",64342766,510218,"live",41058,"de","2020-10-12 09:47:33","2020-10-11 14:46:34"
"721","Trymacs",64342766,510218,"live",45710,"de","2020-10-12 09:54:58","2020-10-11 14:46:34"
"722","Trymacs",64342766,510218,"live",45710,"de","2020-10-12 09:57:34","2020-10-11 14:46:34"
"723","Trymacs",64342766,518204,"live",34993,"de","2020-10-12 10:04:59","2020-10-11 14:46:34"
"724","Trymacs",64342766,518204,"live",33254,"de","2020-10-12 10:07:34","2020-10-11 14:46:34"
"725","Trymacs",64342766,518204,"live",32179,"de","2020-10-12 10:14:59","2020-10-11 14:46:34"
"726","Trymacs",64342766,518204,"live",32179,"de","2020-10-12 10:17:34","2020-10-11 14:46:34"
"727","Trymacs",64342766,518204,"live",30799,"de","2020-10-12 10:24:59","2020-10-11 14:46:34"
"728","Trymacs",64342766,518204,"live",30799,"de","2020-10-12 10:27:35","2020-10-11 14:46:34"
"729","Trymacs",64342766,518204,"live",30799,"de","2020-10-12 10:35:00","2020-10-11 14:46:34"
"730","Trymacs",64342766,518204,"live",30799,"de","2020-10-12 10:37:35","2020-10-11 14:46:34"
"731","Trymacs",64342766,518204,"live",28574,"de","2020-10-12 10:45:00","2020-10-11 14:46:34"
"732","Trymacs",64342766,518204,"live",29471,"de","2020-10-12 10:47:35","2020-10-11 14:46:34"
"733","Trymacs",64342766,518204,"live",27855,"de","2020-10-12 10:55:00","2020-10-11 14:46:34"
"734","Trymacs",64342766,518204,"live",27855,"de","2020-10-12 10:57:36","2020-10-11 14:46:34"
"735","Trymacs",64342766,518204,"live",25668,"de","2020-10-12 11:05:01","2020-10-11 14:46:34"
"736","Trymacs",64342766,518204,"live",25668,"de","2020-10-12 11:07:36","2020-10-11 14:46:34"
"737","Trymacs",64342766,518204,"live",26287,"de","2020-10-12 11:15:01","2020-10-11 14:46:34"
"738","Trymacs",64342766,518204,"live",26287,"de","2020-10-12 11:17:37","2020-10-11 14:46:34"
"739","Trymacs",64342766,518204,"live",24703,"de","2020-10-12 11:25:02","2020-10-11 14:46:34"
"740","Trymacs",64342766,518204,"live",24703,"de","2020-10-12 11:27:37","2020-10-11 14:46:34"
"741","Trymacs",64342766,518204,"live",24703,"de","2020-10-12 11:35:02","2020-10-11 14:46:34"
"742","Trymacs",64342766,518204,"live",23940,"de","2020-10-12 11:37:37","2020-10-11 14:46:34"
"743","Trymacs",64342766,518184,"live",23357,"de","2020-10-12 11:45:02","2020-10-11 14:46:34"
"744","Trymacs",64342766,518184,"live",19784,"de","2020-10-12 11:47:38","2020-10-11 14:46:34"
"745","Trymacs",64342766,518184,"live",19290,"de","2020-10-12 11:55:03","2020-10-11 14:46:34"
"746","Trymacs",64342766,518184,"live",19290,"de","2020-10-12 11:57:38","2020-10-11 14:46:34"
"747","Trymacs",64342766,518184,"live",18762,"de","2020-10-12 12:05:03","2020-10-11 14:46:34"
"748","Trymacs",64342766,518184,"live",18022,"de","2020-10-12 12:07:38","2020-10-11 14:46:34"
"749","Trymacs",64342766,518184,"live",17625,"de","2020-10-12 12:15:03","2020-10-11 14:46:34"
"750","Trymacs",64342766,518184,"live",17232,"de","2020-10-12 12:17:39","2020-10-11 14:46:34"
"751","Trymacs",64342766,518184,"live",16462,"de","2020-10-12 12:25:04","2020-10-11 14:46:34"
"752","Trymacs",64342766,518184,"live",14222,"de","2020-10-12 12:27:39","2020-10-11 14:46:34"
